{"cameraMode":{"drawMode":0,"name":"Shaded","section":"Shading Mode"},"sceneLighting":true,"audioPlay":false,"sceneViewState":{"showFog":true,"showMaterialUpdate":true,"showSkybox":true,"showFlares":true,"showImageEffects":true,"showParticleSystems":true},"in2DMode":false,"pivot":{"x":10.857540130615235,"y":-0.3916311264038086,"z":-16.261810302734376},"rotation":{"x":0.02483464404940605,"y":0.9562148451805115,"z":-0.08514508605003357,"w":0.2789030969142914},"size":105.18123626708985,"orthographic":false}